,Species name,Habitat (Scansorial=1; Ground-dwelling=0),Cautal autotomy (Yes=1;No=0),Body temperature,Diel activity (Nocturnal=1; Diurnal=0)
1,Ablepharus budaki,NA,NA,NA,NA
2,Ablepharus chernovi,NA,NA,NA,NA
3,Ablepharus kitaibelii,NA,NA,NA,NA
4,Ablepharus pannonicus,0,NA,NA,0
5,Abronia anzuetoi,NA,NA,NA,NA
6,Abronia aurita,NA,NA,NA,NA
7,Abronia campbelli,NA,NA,NA,NA
8,Abronia fimbriata,NA,NA,NA,NA
9,Abronia frosti,NA,NA,NA,NA
10,Abronia graminea,NA,NA,NA,NA
11,Abronia lythrochila,NA,NA,NA,NA
12,Abronia mixteca,NA,NA,NA,NA
13,Abronia oaxacae,NA,NA,NA,NA
14,Acanthocercus atricollis,1,NA,39.8,0
15,Acanthodactylus aureus,NA,1,NA,NA
16,Acanthodactylus beershebensis,0,1,34.1,0
17,Acanthodactylus blanci,NA,1,NA,NA
18,Acanthodactylus boskianus,0,1,36.2,0
19,Acanthodactylus busacki,NA,1,NA,NA
20,Acanthodactylus cantoris,0,1,NA,0
21,Acanthodactylus erythrurus,0,1,33,0
22,Acanthodactylus gongrorhynchatus,NA,1,NA,NA
23,Acanthodactylus longipes,NA,1,34.3,0
24,Acanthodactylus maculatus,0,1,NA,0
25,Acanthodactylus masirae,NA,1,NA,NA
26,Acanthodactylus opheodurus,0,1,33.1,0
27,Acanthodactylus orientalis,NA,1,NA,NA
28,Acanthodactylus pardalis,0,1,35.3,0
29,Acanthodactylus schmidti,0,1,38.4,0
30,Acanthodactylus schreiberi,0,1,38,0
31,Acanthodactylus scutellatus,0,1,35.7,0
32,Acanthosaura armata,1,NA,NA,0
33,Acanthosaura capra,NA,NA,NA,0
34,Acanthosaura crucigera,NA,NA,NA,NA
35,Acanthosaura lepidogaster,1,NA,NA,0
36,Acontias breviceps,0,NA,NA,NA
37,Acontias gracilicauda,NA,NA,NA,NA
38,Acontias kgalagadi,NA,NA,NA,NA
39,Acontias lineatus,0,NA,NA,NA
40,Acontias litoralis,NA,NA,NA,NA
41,Acontias meleagris,0,NA,21.8,NA
42,Acontias percivali,NA,NA,NA,NA
43,Acontias plumbeus,0,NA,NA,0
44,Acratosaura mentalis,NA,NA,NA,NA
45,Adolfus africanus,1,NA,NA,0
46,Adolfus alleni,0,NA,NA,0
47,Adolfus jacksoni,1,NA,NA,0
48,Afroablepharus wahlbergi,0,NA,NA,0
49,Agama aculeata,NA,1,NA,NA
50,Agama agama,1,1,35.9,0
51,Agama anchietae,NA,1,NA,NA
52,Agama armata,0,1,NA,0
53,Agama atra,1,1,37.9,0
54,Agama boueti,NA,1,NA,NA
55,Agama boulengeri,NA,1,NA,NA
56,Agama caudospinosa,NA,1,NA,NA
57,Agama doriae,NA,1,NA,NA
58,Agama finchi,NA,1,NA,NA
59,Agama gracilimembris,NA,1,NA,NA
60,Agama hispida,0,1,36.4,0
61,Agama impalearis,1,1,NA,0
62,Agama insularis,NA,1,NA,NA
63,Agama kaimosae,NA,1,NA,NA
64,Agama lionotus,NA,1,NA,NA
65,Agama mwanzae,1,1,NA,0
66,Agama paragama,NA,1,NA,NA
67,Agama planiceps,NA,1,39.8,NA
68,Agama rueppelli,NA,1,NA,NA
69,Agama sankaranica,NA,1,NA,NA
70,Agama spinosa,NA,1,NA,NA
71,Algyroides fitzingeri,1,NA,NA,0
72,Algyroides marchi,NA,NA,NA,NA
73,Algyroides moreoticus,0,NA,32.4,0
74,Algyroides nigropunctatus,1,NA,32.3,0
75,Alopoglossus angulatus,0,NA,26,1
76,Alopoglossus atriventris,NA,NA,26.2,NA
77,Alopoglossus copii,0,NA,NA,0
78,Amblyrhynchus cristatus,0,0,31.7,0
79,Ameiva ameiva,0,1,37.8,0
80,Ameiva auberi,NA,1,NA,NA
81,Ameiva bifrontata,NA,1,38.8,0
82,Ameiva chrysolaema,0,1,37.1,0
83,Ameiva dorsalis,NA,1,NA,NA
84,Ameiva erythrocephala,0,1,NA,0
85,Ameiva exsul,0,1,37.9,0
86,Ameiva fuscata,NA,1,36,NA
87,Ameiva griswoldi,NA,1,NA,NA
88,Ameiva lineolata,NA,1,NA,NA
89,Ameiva plei,0,1,36.6,0
90,Ameiva polops,NA,1,NA,NA
91,Ameiva taeniura,NA,1,37.2,0
92,Ameiva wetmorei,NA,1,NA,NA
93,Ameivula ocellifera,NA,1,NA,0
94,Amphibolurus muricatus,NA,NA,35.4,NA
95,Amphibolurus norrisi,NA,NA,NA,NA
96,Amphiglossus anosyensis,NA,NA,NA,NA
97,Amphiglossus astrolabi,0,NA,NA,0
98,Amphiglossus macrocercus,NA,NA,NA,1
99,Amphiglossus melanurus,NA,NA,NA,1
100,Amphiglossus ornaticeps,NA,NA,NA,1
101,Amphiglossus punctatus,NA,NA,NA,0
102,Amphiglossus reticulatus,NA,NA,37,1
103,Amphisbaena alba,0,NA,25,1
104,Amphisbaena barbouri,0,NA,NA,NA
105,Amphisbaena brasiliana,0,NA,NA,NA
106,Amphisbaena camura,0,NA,NA,NA
107,Amphisbaena cubana,0,NA,NA,NA
108,Amphisbaena fuliginosa,0,NA,NA,NA
109,Amphisbaena hastata,0,NA,NA,NA
110,Amphisbaena kingii,0,NA,NA,NA
111,Amphisbaena kraoh,0,NA,NA,NA
112,Amphisbaena mertensii,0,NA,22.4,NA
113,Amphisbaena microcephalum,0,NA,NA,NA
114,Amphisbaena munoai,0,NA,NA,NA
115,Amphisbaena roberti,0,NA,NA,NA
116,Amphisbaena silvestrii,0,NA,NA,NA
117,Amphisbaena vermicularis,0,NA,NA,NA
118,Anatololacerta anatolica,NA,1,32.9,NA
119,Anatololacerta danfordi,NA,1,NA,NA
120,Anatololacerta pelasgiana,NA,1,NA,NA
121,Androngo trivittatus,NA,NA,NA,NA
122,Anelytropsis papillosus,NA,NA,NA,NA
123,Anguis fragilis,0,NA,24.3,0
124,Anniella geronimensis,0,1,NA,0
125,Anniella pulchra,0,1,21.8,1
126,Anolis acutus,1,1,30.2,0
127,Anolis aeneus,NA,1,31.6,NA
128,Anolis aequatorialis,NA,1,NA,NA
129,Anolis agassizi,NA,1,NA,NA
130,Anolis ahli,NA,1,NA,NA
131,Anolis aliniger,NA,1,NA,NA
132,Anolis allisoni,1,1,33.1,0
133,Anolis allogus,NA,1,28.6,NA
134,Anolis altae,NA,1,NA,NA
135,Anolis alumina,NA,1,NA,NA
136,Anolis angusticeps,1,1,30.8,0
137,Anolis annectens,NA,1,NA,NA
138,Anolis aquaticus,NA,1,NA,NA
139,Anolis argenteolus,1,1,NA,0
140,Anolis argillaceus,NA,1,NA,NA
141,Anolis armouri,NA,1,NA,NA
142,Anolis auratus,NA,1,32.3,NA
143,Anolis bahorucoensis,NA,1,25.4,NA
144,Anolis baleatus,NA,1,NA,NA
145,Anolis baracoae,NA,1,NA,NA
146,Anolis barahonae,NA,1,NA,NA
147,Anolis barbatus,1,1,29.8,0
148,Anolis barbouri,NA,1,25.2,NA
149,Anolis bartschi,1,1,26.1,0
150,Anolis bimaculatus,1,1,32.7,0
151,Anolis biporcatus,NA,1,NA,NA
152,Anolis bitectus,NA,1,NA,NA
153,Anolis boettgeri,NA,1,NA,NA
154,Anolis bombiceps,NA,1,NA,NA
155,Anolis brevirostris,NA,1,30.6,NA
156,Anolis capito,NA,1,28.8,NA
157,Anolis carolinensis,1,1,28.2,0
158,Anolis carpenteri,NA,1,NA,NA
159,Anolis casildae,NA,1,NA,NA
160,Anolis caudalis,NA,1,NA,NA
161,Anolis centralis,1,1,NA,0
162,Anolis chamaeleonides,NA,1,NA,NA
163,Anolis chloris,NA,1,NA,NA
164,Anolis chlorocyanus,NA,1,NA,NA
165,Anolis christophei,NA,1,NA,NA
166,Anolis chrysolepis,NA,1,29,NA
167,Anolis coelestinus,NA,1,28.9,NA
168,Anolis conspersus,NA,1,31.1,NA
169,Anolis cooki,NA,1,30.3,NA
170,Anolis crassulus,NA,1,29.6,NA
171,Anolis cristatellus,1,1,28.4,0
172,Anolis cupreus,NA,1,27.9,NA
173,Anolis cuvieri,1,1,NA,0
174,Anolis cybotes,1,1,29.7,0
175,Anolis distichus,1,1,29,0
176,Anolis dolichocephalus,NA,1,NA,NA
177,Anolis equestris,1,1,NA,0
178,Anolis etheridgei,NA,0,NA,NA
179,Anolis eugenegrahami,NA,1,NA,NA
180,Anolis evermanni,NA,1,24.5,NA
181,Anolis extremus,NA,1,NA,NA
182,Anolis fitchi,NA,1,NA,NA
183,Anolis fowleri,NA,1,NA,NA
184,Anolis fraseri,NA,1,NA,NA
185,Anolis frenatus,1,1,NA,0
186,Anolis fuscoauratus,NA,1,28.5,NA
187,Anolis garmani,NA,1,NA,NA
188,Anolis garridoi,NA,1,NA,NA
189,Anolis gemmosus,NA,1,NA,NA
190,Anolis gingivinus,1,1,NA,0
191,Anolis grahami,NA,1,31.2,NA
192,Anolis guamuhaya,NA,1,NA,NA
193,Anolis gundlachi,1,1,24.3,0
194,Anolis hendersoni,NA,1,NA,NA
195,Anolis heterodermus,NA,1,NA,NA
196,Anolis homolechis,NA,1,30.2,NA
197,Anolis humilis,NA,1,24,NA
198,Anolis insignis,NA,1,NA,NA
199,Anolis insolitus,NA,1,NA,NA
200,Anolis jubar,NA,1,31.7,NA
201,Anolis kemptoni,NA,1,NA,NA
202,Anolis krugi,NA,1,28.7,NA
203,Anolis laeviventris,NA,1,NA,NA
204,Anolis leachii,NA,1,NA,NA
205,Anolis lemurinus,NA,1,21,NA
206,Anolis limifrons,NA,1,27.6,NA
207,Anolis lineatus,NA,1,NA,NA
208,Anolis lionotus,NA,1,26.2,NA
209,Anolis longitibialis,NA,1,32.2,NA
210,Anolis luciae,NA,1,NA,NA
211,Anolis luteogularis,NA,1,29.4,NA
212,Anolis maculigula,NA,1,NA,NA
213,Anolis marcanoi,NA,1,35.7,NA
214,Anolis marmoratus,NA,1,29.9,NA
215,Anolis marron,NA,1,NA,NA
216,Anolis maynardi,NA,1,31.8,NA
217,Anolis meridionalis,NA,1,NA,NA
218,Anolis microtus,NA,1,NA,NA
219,Anolis monensis,NA,1,30.9,NA
220,Anolis monticola,NA,1,NA,NA
221,Anolis noblei,NA,1,NA,NA
222,Anolis occultus,NA,1,NA,NA
223,Anolis oculatus,NA,1,27.4,NA
224,Anolis olssoni,NA,1,31.9,NA
225,Anolis onca,NA,1,33.1,NA
226,Anolis opalinus,NA,1,28.1,NA
227,Anolis ophiolepis,NA,1,NA,NA
228,Anolis oxylophus,NA,1,NA,NA
229,Anolis pachypus,NA,1,NA,NA
230,Anolis placidus,NA,1,NA,NA
231,Anolis poecilopus,NA,1,26.5,NA
232,Anolis pogus,0,1,28.3,0
233,Anolis polylepis,NA,1,26.7,NA
234,Anolis poncensis,NA,1,32.6,NA
235,Anolis porcatus,1,1,32.1,0
236,Anolis porcus,1,1,NA,0
237,Anolis pulchellus,NA,1,32.7,NA
238,Anolis punctatus,1,1,28.7,0
239,Anolis richardii,1,1,29.1,0
240,Anolis ricordii,NA,1,NA,NA
241,Anolis roquet,1,1,26.5,0
242,Anolis sabanus,1,1,29.4,0
243,Anolis sagrei,NA,1,30.7,0
244,Anolis scriptus,NA,1,NA,NA
245,Anolis semilineatus,NA,1,31.5,NA
246,Anolis sericeus,NA,1,32.5,NA
247,Anolis sheplani,NA,1,NA,NA
248,Anolis singularis,NA,1,NA,NA
249,Anolis smallwoodi,NA,1,NA,NA
250,Anolis smaragdinus,NA,1,34.2,NA
251,Anolis sminthus,NA,1,NA,NA
252,Anolis strahmi,NA,1,NA,NA
253,Anolis stratulus,NA,1,30,NA
254,Anolis tigrinus,NA,1,NA,NA
255,Anolis trachyderma,NA,1,27.9,NA
256,Anolis transversalis,1,1,27.6,0
257,Anolis trinitatis,NA,1,NA,NA
258,Anolis tropidogaster,NA,1,NA,NA
259,Anolis tropidonotus,NA,1,NA,NA
260,Anolis utilensis,NA,1,NA,NA
261,Anolis valencienni,NA,1,NA,NA
262,Anolis vanidicus,NA,1,NA,NA
263,Anolis ventrimaculatus,NA,1,NA,NA
264,Anolis wattsi,1,1,33.7,0
265,Anolis whitemani,NA,1,NA,NA
266,Anomalopus leuckartii,0,NA,NA,NA
267,Anomalopus mackayi,0,NA,NA,NA
268,Anomalopus swansoni,0,NA,NA,NA
269,Anomalopus verreauxi,0,NA,NA,NA
270,Apathya cappadocica,NA,NA,NA,0
271,Aphaniotis fusca,1,NA,NA,0
272,Aprasia aurita,NA,1,NA,NA
273,Aprasia inaurita,NA,1,NA,NA
274,Aprasia parapulchella,NA,1,NA,NA
275,Aprasia picturata,NA,1,NA,NA
276,Aprasia pulchella,0,1,NA,1
277,Aprasia repens,NA,1,NA,NA
278,Aprasia rostrata,NA,1,NA,NA
279,Aprasia smithi,NA,1,NA,NA
280,Aprasia striolata,0,1,NA,1
281,Archaeolacerta bedriagae,NA,1,32.4,0
282,Arthrosaura kockii,0,NA,NA,0
283,Arthrosaura reticulata,0,NA,26.7,0
284,Aspidoscelis burti,NA,NA,39.5,0
285,Aspidoscelis communis,NA,NA,36.2,0
286,Aspidoscelis costata,NA,NA,NA,0
287,Aspidoscelis deppei,NA,NA,41.3,0
288,Aspidoscelis gularis,NA,NA,36.9,0
289,Aspidoscelis guttata,NA,NA,NA,0
290,Aspidoscelis hyperythra,NA,NA,NA,0
291,Aspidoscelis inornata,NA,NA,39.1,0
292,Aspidoscelis laredoensis,NA,NA,39.5,0
293,Aspidoscelis lineattissima,NA,NA,NA,0
294,Aspidoscelis marmorata,NA,NA,NA,0
295,Aspidoscelis sexlineata,NA,NA,38.8,0
296,Aspidoscelis tigris,NA,NA,39.2,0
297,Aspidoscelis velox,NA,NA,38.4,0
298,Aspronema dorsivittatum,NA,NA,NA,NA
299,Asymblepharus alaicus,NA,NA,NA,NA
300,Asymblepharus sikimmensis,0,NA,29,0
301,Atlantolacerta andreanskyi,NA,1,31.4,0
302,Aurivela longicauda,NA,NA,NA,NA
303,Australolacerta australis,1,1,NA,NA
304,Bachia bicolor,NA,NA,NA,NA
305,Bachia bresslaui,NA,NA,NA,NA
306,Bachia dorbignyi,NA,NA,NA,NA
307,Bachia flavescens,0,NA,NA,1
308,Bachia heteropa,NA,NA,28.9,NA
309,Bachia peruana,NA,NA,NA,NA
310,Bachia scolecoides,NA,NA,NA,NA
311,Bachia trisanale,0,NA,NA,0
312,Barisia herrerae,NA,NA,NA,NA
313,Barisia imbricata,NA,NA,26.6,NA
314,Barisia levicollis,NA,NA,NA,NA
315,Barisia rudicollis,NA,NA,NA,NA
316,Basiliscus basiliscus,0,0,27.8,0
317,Basiliscus galeritus,NA,0,NA,NA
318,Basiliscus plumifrons,0,0,31.7,0
319,Basiliscus vittatus,1,0,36.2,0
320,Bassiana duperreyi,0,NA,27.3,0
321,Bassiana trilineata,NA,NA,27.2,NA
322,Bellatorias frerei,0,NA,NA,0
323,Bellatorias major,0,NA,31.4,0
324,Bipes biporus,0,1,27.6,NA
325,Bipes canaliculatus,0,1,29.9,NA
326,Bipes tridactylus,0,1,30.8,NA
327,Blanus cinereus,0,NA,22.8,NA
328,Blanus mettetali,0,NA,NA,NA
329,Blanus strauchi,0,NA,NA,NA
330,Blanus tingitanus,0,NA,NA,NA
331,Brachylophus fasciatus,1,0,NA,0
332,Brachylophus vitiensis,1,0,32,0
333,Brachymeles bicolor,NA,NA,NA,NA
334,Brachymeles cebuensis,NA,NA,39.3,NA
335,Brachymeles minimus,NA,NA,NA,NA
336,Brachymeles miriamae,NA,NA,NA,NA
337,Brasiliscincus heathi,NA,NA,NA,0
338,Broadleysaurus major,1,NA,NA,NA
339,Bronchocela cristatella,1,NA,NA,0
340,Bufoniceps laungwalaensis,NA,NA,NA,NA
341,Cadea blanoides,0,NA,NA,NA
342,Caledoniscincus aquilonius,NA,1,NA,NA
343,Caledoniscincus atropunctatus,0,1,NA,0
344,Caledoniscincus austrocaledonicus,0,1,NA,0
345,Caledoniscincus chazeaui,NA,1,NA,NA
346,Caledoniscincus festivus,0,1,NA,0
347,Caledoniscincus orestes,NA,1,NA,NA
348,Callisaurus draconoides,0,NA,39.3,0
349,Callopistes flavipunctatus,NA,NA,NA,NA
350,Callopistes maculatus,NA,NA,38,NA
351,Calotes calotes,1,0,26.7,0
352,Calotes ceylonensis,NA,0,NA,NA
353,Calotes emma,1,0,NA,0
354,Calotes liocephalus,NA,0,22.9,NA
355,Calotes liolepis,NA,0,30,NA
356,Calotes mystaceus,1,0,NA,0
357,Calotes nigrilabris,NA,0,NA,NA
358,Calotes versicolor,1,0,30.9,0
359,Calyptommatus leiolepis,NA,NA,NA,NA
360,Calyptotis lepidorostrum,0,NA,NA,NA
361,Calyptotis ruficauda,0,NA,NA,NA
362,Calyptotis scutirostrum,0,NA,NA,NA
363,Carlia amax,0,1,NA,0
364,Carlia bicarinata,NA,1,NA,NA
365,Carlia dogare,0,1,NA,NA
366,Carlia gracilis,0,1,NA,0
367,Carlia jarnoldae,NA,1,NA,NA
368,Carlia johnstonei,0,1,NA,NA
369,Carlia longipes,1,1,30.8,0
370,Carlia munda,0,1,NA,NA
371,Carlia mysi,NA,1,NA,NA
372,Carlia pectoralis,0,1,NA,NA
373,Carlia rhomboidalis,0,1,28.9,0
374,Carlia rostralis,0,1,30.8,NA
375,Carlia rubrigularis,0,1,NA,NA
376,Carlia rufilatus,0,1,NA,NA
377,Carlia schmeltzii,0,1,NA,0
378,Carlia storri,0,1,NA,0
379,Carlia triacantha,0,1,NA,NA
380,Carlia vivax,NA,1,30.5,0
381,Celatiscincus euryotis,0,NA,NA,0
382,Celatiscincus similis,NA,NA,NA,NA
383,Celestus agasepsoides,NA,NA,28.6,NA
384,Celestus haetianus,NA,NA,NA,NA
385,Ceratophora aspera,NA,NA,NA,NA
386,Ceratophora erdeleni,NA,NA,NA,NA
387,Ceratophora karu,NA,NA,NA,NA
388,Ceratophora stoddartii,1,NA,NA,0
389,Cercosaura argulus,1,NA,NA,0
390,Cercosaura eigenmanni,0,NA,NA,0
391,Cercosaura ocellata,1,NA,NA,0
392,Cercosaura quadrilineata,NA,NA,NA,NA
393,Cercosaura schreibersii,0,NA,NA,0
394,Chalarodon madagascariensis,0,NA,NA,0
395,Chalcides bedriagai,0,1,28.5,0
396,Chalcides boulengeri,NA,1,NA,NA
397,Chalcides chalcides,0,1,NA,1
398,Chalcides coeruleopunctatus,NA,1,NA,NA
399,Chalcides colosii,NA,1,NA,NA
400,Chalcides guentheri,0,1,29,0
401,Chalcides lanzai,NA,1,NA,NA
402,Chalcides manueli,NA,1,NA,NA
403,Chalcides mauritanicus,NA,1,NA,NA
404,Chalcides minutus,NA,1,NA,NA
405,Chalcides mionecton,NA,1,NA,NA
406,Chalcides montanus,NA,1,NA,NA
407,Chalcides ocellatus,0,1,32.8,1
408,Chalcides parallelus,NA,1,NA,NA
409,Chalcides polylepis,0,1,NA,1
410,Chalcides pseudostriatus,NA,1,NA,NA
411,Chalcides sepsoides,NA,1,26.6,1
412,Chalcides sexlineatus,NA,1,NA,NA
413,Chalcides sphenopsiformis,NA,1,NA,NA
414,Chalcides striatus,NA,1,NA,NA
415,Chalcides viridanus,NA,1,NA,NA
416,Chamaesaura aenea,NA,NA,NA,NA
417,Chamaesaura anguina,0,NA,NA,0
418,Chelosania brunnea,NA,NA,NA,NA
419,Chioninia coctei,NA,NA,NA,NA
420,Chioninia fogoensis,NA,NA,NA,NA
421,Chioninia spinalis,NA,NA,NA,NA
422,Chioninia vaillantii,NA,NA,NA,NA
423,Chirindia swynnertoni,0,NA,NA,NA
424,Chlamydosaurus kingii,1,NA,34.8,0
425,Cnemidophorus gramivagus,NA,NA,37.7,0
426,Cnemidophorus lemniscatus,1,NA,38.2,0
427,Cnemidophorus vanzoi,NA,NA,41,0
428,Coeranoscincus frontalis,0,NA,NA,NA
429,Coeranoscincus reticulatus,0,NA,NA,NA
430,Coggeria naufragus,0,NA,NA,NA
431,Colobodactylus dalcyanus,NA,NA,NA,NA
432,Colobodactylus taunayi,NA,NA,NA,NA
433,Colobosaura modesta,NA,NA,NA,NA
434,Colobosauroides cearensis,NA,NA,NA,NA
435,Coloptychon rhombifer,NA,NA,NA,NA
436,Concinnia amplus,0,NA,NA,0
437,Concinnia brachyosoma,1,NA,NA,1
438,Concinnia martini,1,NA,NA,1
439,Concinnia queenslandiae,NA,NA,NA,1
440,Concinnia sokosoma,NA,NA,NA,NA
441,Concinnia tenuis,0,NA,NA,1
442,Concinnia tigrinus,0,NA,NA,1
443,Congolacerta vauereselli,NA,1,NA,NA
444,Conolophus pallidus,0,0,34.5,0
445,Conolophus subcristatus,NA,0,35.2,NA
446,Contomastix lacertoides,NA,1,NA,NA
447,Copeoglossum nigropunctatum,NA,NA,NA,NA
448,Cophosaurus texanus,0,NA,36.8,0
449,Cophotis ceylanica,1,NA,26.7,0
450,Cophotis dumbara,NA,NA,NA,NA
451,Cordylosaurus subtessellatus,1,NA,NA,0
452,Cordylus beraduccii,1,1,NA,NA
453,Cordylus cordylus,1,1,24.2,0
454,Cordylus imkeae,NA,1,NA,NA
455,Cordylus jonesii,NA,1,33.5,NA
456,Cordylus macropholis,NA,1,28.9,NA
457,Cordylus mclachlani,NA,1,NA,NA
458,Cordylus meculae,NA,1,NA,NA
459,Cordylus niger,NA,1,23.6,NA
460,Cordylus oelofseni,NA,1,20.6,NA
461,Cordylus rhodesianus,NA,1,NA,NA
462,Cordylus tropidosternum,1,1,NA,0
463,Cordylus ukingensis,1,1,NA,0
464,Cordylus vittifer,1,1,32.1,NA
465,Corucia zebrata,1,NA,29.9,1
466,Coryphophylax subcristatus,NA,0,NA,NA
467,Corytophanes cristatus,1,0,NA,0
468,Corytophanes percarinatus,NA,0,NA,NA
469,Cricosaura typica,1,NA,31,1
470,Crocodilurus amazonicus,0,NA,31.2,0
471,Crotaphytus antiquus,NA,0,36.6,NA
472,Crotaphytus bicinctores,NA,0,NA,NA
473,Crotaphytus collaris,1,0,36.8,0
474,Crotaphytus grismeri,1,0,NA,0
475,Crotaphytus insularis,1,0,NA,0
476,Crotaphytus nebrius,NA,0,NA,NA
477,Crotaphytus reticulatus,1,0,NA,0
478,Crotaphytus vestigium,NA,0,NA,NA
479,Cryptoblepharus boutonii,1,NA,NA,0
480,Cryptoblepharus novocaledonicus,1,NA,NA,0
481,Ctenoblepharys adspersa,NA,NA,NA,NA
482,Ctenophorus caudicinctus,1,NA,34,0
483,Ctenophorus clayi,0,NA,NA,0
484,Ctenophorus cristatus,0,NA,NA,0
485,Ctenophorus decresii,NA,NA,NA,NA
486,Ctenophorus femoralis,NA,NA,NA,NA
487,Ctenophorus fionni,NA,NA,NA,NA
488,Ctenophorus fordi,0,NA,37,0
489,Ctenophorus gibba,NA,NA,NA,NA
490,Ctenophorus isolepis,0,NA,40.5,0
491,Ctenophorus maculatus,NA,NA,NA,NA
492,Ctenophorus maculosus,NA,NA,38.4,NA
493,Ctenophorus nuchalis,1,NA,39.8,0
494,Ctenophorus ornatus,NA,NA,38.1,NA
495,Ctenophorus pictus,NA,NA,34.2,NA
496,Ctenophorus reticulatus,0,NA,35.5,0
497,Ctenophorus rufescens,NA,NA,37.1,NA
498,Ctenophorus salinarum,NA,NA,NA,NA
499,Ctenophorus scutulatus,0,NA,38.9,0
500,Ctenophorus tjantjalka,NA,NA,NA,NA
501,Ctenophorus vadnappa,NA,NA,37.2,NA
502,Ctenosaura bakeri,NA,0,NA,NA
503,Ctenosaura flavidorsalis,NA,0,NA,NA
504,Ctenosaura hemilopha,1,0,37.1,0
505,Ctenosaura melanosterna,NA,0,NA,NA
506,Ctenosaura oaxacana,NA,0,NA,NA
507,Ctenosaura oedirhina,NA,0,NA,NA
508,Ctenosaura palearis,NA,0,NA,NA
509,Ctenosaura pectinata,NA,0,NA,NA
510,Ctenosaura quinquecarinata,1,0,NA,0
511,Ctenosaura similis,1,0,36.5,0
512,Ctenotus angusticeps,NA,1,NA,NA
513,Ctenotus astarte,0,1,35.6,NA
514,Ctenotus atlas,0,1,NA,1
515,Ctenotus australis,0,1,30.9,NA
516,Ctenotus brooksi,0,1,36,0
517,Ctenotus calurus,0,1,NA,0
518,Ctenotus essingtonii,0,1,34.8,NA
519,Ctenotus fallens,0,1,NA,NA
520,Ctenotus grandis,0,1,NA,NA
521,Ctenotus greeri,0,1,NA,NA
522,Ctenotus hebetior,0,1,NA,NA
523,Ctenotus hilli,0,1,NA,NA
524,Ctenotus inornatus,0,1,NA,NA
525,Ctenotus labillardieri,1,1,37.9,0
526,Ctenotus leae,0,1,38,NA
527,Ctenotus leonhardii,0,1,NA,0
528,Ctenotus mimetes,0,1,NA,NA
529,Ctenotus nasutus,0,1,NA,0
530,Ctenotus olympicus,0,1,36.1,NA
531,Ctenotus pantherinus,0,1,33.6,1
532,Ctenotus piankai,0,1,NA,NA
533,Ctenotus pulchellus,0,1,36.4,NA
534,Ctenotus regius,0,1,34.7,0
535,Ctenotus robustus,0,1,NA,0
536,Ctenotus rubicundus,0,1,33.4,0
537,Ctenotus rutilans,0,1,NA,NA
538,Ctenotus saxatilis,0,1,NA,NA
539,Ctenotus schomburgkii,0,1,NA,NA
540,Ctenotus septenarius,0,1,NA,0
541,Ctenotus serventyi,0,1,NA,NA
542,Ctenotus spaldingi,0,1,NA,NA
543,Ctenotus strauchii,0,1,NA,NA
544,Ctenotus taeniolatus,0,1,30.2,0
545,Ctenotus tanamiensis,0,1,NA,NA
546,Ctenotus uber,0,1,34.7,NA
547,Cyclodomorphus branchialis,0,NA,NA,1
548,Cyclodomorphus casuarinae,0,NA,29.9,1
549,Cyclodomorphus michaeli,0,NA,NA,1
550,Cyclura carinata,1,0,37.7,0
551,Cyclura collei,NA,0,NA,NA
552,Cyclura cornuta,0,0,NA,0
553,Cyclura cychlura,NA,0,NA,NA
554,Cyclura nubila,1,0,38.6,0
555,Cyclura pinguis,0,0,35.3,0
556,Cyclura ricordi,NA,0,NA,NA
557,Cyclura rileyi,1,0,NA,0
558,Dalmatolacerta oxycephala,NA,1,33.1,0
559,Darevskia alpina,NA,1,NA,NA
560,Darevskia armeniaca,1,1,NA,0
561,Darevskia bendimahiensis,NA,1,NA,NA
562,Darevskia brauneri,NA,1,NA,NA
563,Darevskia caucasica,NA,1,NA,NA
564,Darevskia chlorogaster,NA,1,NA,0
565,Darevskia clarkorum,NA,1,NA,NA
566,Darevskia daghestanica,NA,1,NA,NA
567,Darevskia derjugini,NA,1,NA,NA
568,Darevskia lindholmi,NA,1,NA,NA
569,Darevskia mixta,NA,1,NA,NA
570,Darevskia parvula,1,1,NA,0
571,Darevskia portschinskii,NA,1,NA,NA
572,Darevskia praticola,0,1,NA,0
573,Darevskia raddei,1,1,NA,0
574,Darevskia rostombekovi,NA,1,NA,NA
575,Darevskia rudis,1,1,NA,0
576,Darevskia sapphirina,NA,1,NA,NA
577,Darevskia saxicola,NA,1,NA,NA
578,Darevskia uzzelli,NA,1,NA,NA
579,Darevskia valentini,1,1,NA,0
580,Dasia grisea,NA,NA,NA,0
581,Dasia olivacea,1,NA,NA,0
582,Dasia vittata,NA,NA,NA,0
583,Dibamus greeri,NA,1,NA,NA
584,Dibamus novaeguineae,NA,1,NA,NA
585,Dicrodon guttulatum,NA,NA,32.2,NA
586,Dinarolacerta montenegrina,NA,1,NA,NA
587,Dinarolacerta mosorensis,NA,1,34,0
588,Diploglossus bilobatus,0,NA,NA,0
589,Diploglossus pleii,NA,NA,NA,NA
590,Diplolaemus darwinii,NA,NA,NA,NA
591,Diplometopon zarudnyi,0,0,31.5,1
592,Diporiphora albilabris,NA,NA,NA,NA
593,Diporiphora arnhemica,NA,NA,NA,NA
594,Diporiphora australis,NA,NA,NA,NA
595,Diporiphora bennettii,NA,NA,NA,NA
596,Diporiphora bilineata,NA,NA,44.3,NA
597,Diporiphora lalliae,NA,NA,NA,NA
598,Diporiphora magna,NA,NA,NA,NA
599,Diporiphora nobbi,NA,NA,NA,NA
600,Diporiphora pindan,NA,NA,NA,NA
601,Diporiphora reginae,NA,NA,NA,NA
602,Diporiphora superba,NA,NA,NA,NA
603,Diporiphora valens,NA,NA,35.3,NA
604,Diporiphora winneckei,1,NA,NA,0
605,Dipsosaurus dorsalis,0,0,39.6,0
606,Dopasia gracilis,NA,NA,NA,NA
607,Dopasia harti,NA,NA,NA,NA
608,Dracaena guianensis,0,NA,32.2,0
609,Draco blanfordii,NA,0,NA,NA
610,Draco cornutus,NA,0,NA,NA
611,Draco dussumieri,1,0,NA,1
612,Draco fimbriatus,NA,0,NA,NA
613,Draco guentheri,NA,0,NA,NA
614,Draco indochinensis,NA,0,NA,NA
615,Draco maculatus,1,0,NA,0
616,Draco maximus,NA,0,NA,NA
617,Draco melanopogon,1,0,NA,0
618,Draco obscurus,1,0,NA,0
619,Draco quinquefasciatus,1,0,NA,0
620,Draco timorensis,NA,0,NA,NA
621,Ecpleopus gaudichaudii,NA,NA,NA,NA
622,Egernia depressa,1,0,34,0
623,Egernia hosmeri,1,0,NA,0
624,Egernia kingii,1,0,NA,NA
625,Egernia napoleonis,0,0,NA,0
626,Egernia richardi,0,0,NA,0
627,Egernia saxatilis,1,0,25,0
628,Egernia stokesii,1,0,32.7,0
629,Elgaria coerulea,0,NA,21.2,0
630,Elgaria kingii,NA,NA,NA,NA
631,Elgaria multicarinata,0,NA,24.6,1
632,Elgaria panamintina,NA,NA,23,NA
633,Elgaria paucicarinata,NA,NA,NA,NA
634,Emoia atrocostata,1,1,NA,0
635,Emoia caeruleocauda,1,1,NA,0
636,Emoia concolor,1,1,NA,0
637,Emoia cyanogaster,1,1,NA,0
638,Emoia cyanura,0,1,33.6,0
639,Emoia impar,NA,1,NA,NA
640,Emoia jakati,NA,1,NA,NA
641,Emoia physicae,NA,1,NA,NA
642,Enyalioides laticeps,1,0,NA,0
643,Enyalioides microlepis,NA,0,NA,NA
644,Enyalioides oshaughnessyi,NA,0,NA,NA
645,Enyalioides palpebralis,1,0,NA,0
646,Enyalioides praestabilis,NA,0,NA,NA
647,Enyalius bilineatus,1,0,25,0
648,Eremias argus,NA,1,NA,NA
649,Eremias arguta,NA,1,30.2,NA
650,Eremias grammica,NA,1,NA,NA
651,Eremias montanus,NA,1,NA,NA
652,Eremias multiocellata,0,1,NA,0
653,Eremias persica,0,1,NA,0
654,Eremias pleskei,0,1,38.8,0
655,Eremias przewalskii,0,1,NA,0
656,Eremias velox,NA,1,NA,NA
657,Eremiascincus douglasi,0,1,28.1,NA
658,Eremiascincus fasciolatus,0,1,NA,1
659,Eremiascincus isolepis,0,1,NA,1
660,Eremiascincus pardalis,0,1,NA,NA
661,Eremiascincus richardsonii,0,1,26.2,1
662,Eugongylus albofasciolatus,0,NA,NA,1
663,Eugongylus rufescens,1,NA,NA,1
664,Eulamprus amplus,NA,NA,26.6,NA
665,Eulamprus brachyosoma,NA,NA,NA,NA
666,Eulamprus frerei,NA,NA,29.6,NA
667,Eulamprus heatwolei,0,1,29.2,0
668,Eulamprus kosciuskoi,0,1,NA,0
669,Eulamprus leuraensis,0,1,NA,0
670,Eulamprus luteilateralis,NA,NA,NA,NA
671,Eulamprus martini,NA,NA,NA,NA
672,Eulamprus murrayi,NA,NA,NA,NA
673,Eulamprus quoyii,0,1,29.1,0
674,Eulamprus sokosoma,NA,NA,27,NA
675,Eulamprus tenuis,NA,NA,NA,NA
676,Eulamprus tigrinus,NA,NA,NA,NA
677,Eulamprus tryoni,NA,NA,NA,NA
678,Eulamprus tympanum,0,1,28.8,0
679,Eumeces algeriensis,0,1,NA,0
680,Eumeces schneideri,0,1,32.6,0
681,Eumecia anchietae,0,NA,NA,0
682,Eurolophosaurus amathites,NA,NA,NA,NA
683,Eurolophosaurus nanuzae,NA,1,34.1,NA
684,Eutropis beddomii,0,1,NA,0
685,Eutropis bibronii,NA,1,NA,0
686,Eutropis cumingi,NA,1,NA,NA
687,Eutropis longicaudata,0,1,NA,0
688,Eutropis macularia,0,1,NA,1
689,Eutropis multicarinata,NA,1,NA,NA
690,Eutropis multifasciata,0,1,32.3,0
691,Eutropis rudis,0,1,32.8,0
692,Eutropis trivittata,NA,NA,NA,0
693,Exila nigropalmata,NA,NA,NA,NA
694,Feylinia currori,0,NA,NA,0
695,Feylinia polylepis,NA,NA,NA,NA
696,Gallotia atlantica,1,NA,33.4,0
697,Gallotia caesaris,1,NA,35.5,0
698,Gallotia galloti,0,NA,32.6,0
699,Gallotia intermedia,1,NA,NA,0
700,Gallotia simonyi,NA,NA,34.4,NA
701,Gallotia stehlini,0,NA,33.6,0
702,Gambelia copeii,0,NA,NA,0
703,Gambelia sila,NA,NA,38.6,NA
704,Gambelia wislizenii,0,NA,38.1,0
705,Gastropholis prasina,1,NA,NA,0
706,Geocalamus acutus,0,NA,NA,NA
707,Gerrhonotus infernalis,NA,NA,NA,NA
708,Gerrhonotus liocephalus,NA,NA,NA,NA
709,Gerrhonotus parvus,NA,NA,NA,NA
710,Gerrhosaurus flavigularis,0,NA,33.3,0
711,Gerrhosaurus multilineatus,0,NA,NA,NA
712,Gerrhosaurus nigrolineatus,0,NA,34.2,0
713,Gerrhosaurus skoogi,0,NA,NA,0
714,Gerrhosaurus typicus,NA,NA,NA,NA
715,Glaphyromorphus cracens,NA,NA,NA,1
716,Glaphyromorphus darwiniensis,0,NA,NA,1
717,Glaphyromorphus fuscicaudis,0,NA,NA,1
718,Glaphyromorphus mjobergi,0,NA,NA,1
719,Glaphyromorphus pumilus,NA,NA,NA,1
720,Glaphyromorphus punctulatus,0,NA,NA,1
721,Gongylomorphus bojerii,0,NA,NA,0
722,Gonocephalus chamaeleontinus,NA,NA,NA,NA
723,Gonocephalus grandis,NA,NA,NA,NA
724,Gonocephalus kuhlii,NA,NA,NA,NA
725,Gonocephalus robinsonii,NA,NA,NA,NA
726,Graciliscincus shonae,NA,NA,NA,NA
727,Gymnophthalmus leucomystax,NA,NA,NA,NA
728,Gymnophthalmus pleei,NA,NA,NA,NA
729,Gymnophthalmus speciosus,0,NA,NA,0
730,Gymnophthalmus underwoodi,0,NA,NA,0
731,Gymnophthalmus vanzoi,NA,NA,NA,NA
732,Hakaria simonyi,NA,NA,NA,NA
733,Heliobolus lugubris,0,NA,38.2,0
734,Heliobolus spekii,0,NA,36.8,0
735,Hellenolacerta graeca,NA,1,32.8,0
736,Heloderma horridum,0,0,29.5,0
737,Heloderma suspectum,0,0,28.6,1
738,Hemicordylus capensis,1,1,NA,0
739,Hemiergis gracilipes,0,NA,NA,NA
740,Hemiergis initialis,NA,NA,NA,NA
741,Hemiergis millewae,NA,NA,NA,NA
742,Hemiergis peronii,0,NA,25,1
743,Hemiergis quadrilineata,NA,NA,NA,NA
744,Heterodactylus imbricatus,NA,NA,37.9,NA
745,Holaspis guentheri,1,NA,NA,0
746,Holaspis laevis,NA,NA,NA,NA
747,Holbrookia lacerata,NA,NA,NA,NA
748,Holbrookia maculata,0,NA,36.3,0
749,Holbrookia propinqua,0,NA,34,0
750,Holcosus festivus,NA,NA,NA,NA
751,Holcosus quadrilineatus,NA,NA,NA,0
752,Holcosus undulatus,NA,NA,NA,NA
753,Hoplocercus spinosus,NA,0,NA,NA
754,Hypsilurus boydii,NA,NA,NA,NA
755,Hypsilurus dilophus,NA,NA,NA,NA
756,Hypsilurus nigrigularis,NA,NA,NA,NA
757,Hypsilurus papuensis,NA,NA,NA,NA
758,Hypsilurus spinipes,NA,NA,19,NA
759,Iberolacerta aranica,NA,1,29.2,0
760,Iberolacerta aurelioi,NA,1,NA,NA
761,Iberolacerta bonnali,NA,1,NA,NA
762,Iberolacerta cyreni,NA,1,28.2,0
763,Iberolacerta galani,NA,1,NA,NA
764,Iberolacerta horvathi,1,1,31.6,0
765,Iberolacerta monticola,1,1,31.5,0
766,Ichnotropis capensis,0,NA,NA,0
767,Iguana delicatissima,1,0,38,0
768,Iguana iguana,1,0,34.8,0
769,Intellagama lesueurii,NA,NA,NA,NA
770,Iphisa elegans,0,NA,NA,0
771,Iranolacerta brandtii,NA,1,NA,NA
772,Iranolacerta zagrosica,NA,NA,NA,NA
773,Janetaescincus braueri,NA,NA,NA,NA
774,Janetaescincus veseyfitzgeraldi,NA,NA,NA,NA
775,Japalura flaviceps,NA,NA,NA,NA
776,Japalura polygonata,NA,NA,29.5,NA
777,Japalura splendida,NA,NA,NA,NA
778,Japalura variegata,0,NA,NA,0
779,Kanakysaurus viviparus,NA,NA,NA,NA
780,Karusasaurus jordani,NA,NA,NA,0
781,Karusasaurus polyzonus,NA,NA,NA,0
782,Kentropyx altamazonica,0,NA,35.4,0
783,Kentropyx calcarata,1,NA,35.9,0
784,Kentropyx paulensis,NA,NA,NA,NA
785,Kentropyx pelviceps,0,NA,NA,0
786,Kentropyx striata,1,NA,37,0
787,Kentropyx vanzoi,NA,NA,NA,0
788,Kentropyx viridistriga,NA,NA,NA,NA
789,Lacerta agilis,0,1,32.2,0
790,Lacerta bilineata,0,1,NA,0
791,Lacerta media,1,1,NA,0
792,Lacerta pamphylica,NA,1,NA,NA
793,Lacerta schreiberi,0,1,31.1,0
794,Lacerta strigata,NA,1,NA,NA
795,Lacerta trilineata,1,1,30.3,0
796,Lacerta viridis,1,1,33.9,0
797,Lacertaspis reichenowi,NA,NA,NA,NA
798,Lacertoides pardalis,NA,NA,NA,NA
799,Laemanctus longipes,1,0,NA,0
800,Lamprolepis smaragdina,1,NA,30.3,0
801,Lampropholis delicata,0,NA,26.1,0
802,Lampropholis guichenoti,0,NA,30.3,0
803,Lankascincus fallax,NA,NA,22.5,NA
804,Lanthanotus borneensis,0,0,NA,1
805,Latastia longicaudata,0,0,37.8,0
806,Laudakia nupta,1,0,27.2,0
807,Laudakia sacra,NA,0,NA,NA
808,Laudakia tuberculata,1,0,NA,0
809,Leiocephalus barahonensis,NA,NA,36.1,NA
810,Leiocephalus carinatus,1,NA,34.4,0
811,Leiocephalus personatus,NA,NA,NA,NA
812,Leiocephalus psammodromus,NA,NA,NA,NA
813,Leiocephalus raviceps,NA,NA,NA,NA
814,Leiocephalus schreibersii,1,NA,36.3,0
815,Leiolepis belliana,0,NA,NA,0
816,Leiolepis guttata,NA,NA,NA,NA
817,Leiolepis reevesii,NA,NA,NA,NA
818,Leiolopisma mauritiana,NA,NA,NA,NA
819,Leiolopisma telfairii,NA,NA,NA,NA
820,Leiosaurus bellii,0,0,NA,1
821,Leiosaurus catamarcensis,NA,0,NA,NA
822,Leiosaurus paronae,NA,0,NA,NA
823,Lepidophyma cuicateca,NA,NA,NA,NA
824,Lepidophyma dontomasi,NA,NA,NA,NA
825,Lepidophyma flavimaculatum,0,NA,NA,1
826,Lepidophyma gaigeae,NA,NA,NA,NA
827,Lepidophyma lipetzi,NA,NA,NA,NA
828,Lepidophyma micropholis,0,NA,NA,NA
829,Lepidophyma occulor,NA,NA,NA,NA
830,Lepidophyma pajapanensis,1,NA,NA,NA
831,Lepidophyma radula,NA,NA,NA,NA
832,Lepidophyma reticulatum,NA,NA,NA,NA
833,Lepidophyma smithii,0,NA,26,1
834,Lepidophyma sylvaticum,NA,NA,NA,NA
835,Lepidothyris fernandi,NA,NA,NA,1
836,Leposoma annectans,NA,NA,NA,NA
837,Leposoma guianense,NA,NA,NA,NA
838,Leposoma nanodactylus,NA,NA,NA,NA
839,Leposoma osvaldoi,NA,NA,NA,NA
840,Leposoma parietale,0,NA,NA,0
841,Leposoma percarinatum,0,NA,NA,1
842,Leposoma scincoides,NA,NA,NA,NA
843,Leposoma southi,0,NA,NA,0
844,Leptosiaphos graueri,0,NA,NA,0
845,Leptosiaphos hackarsi,NA,NA,NA,NA
846,Lerista aericeps,0,1,NA,NA
847,Lerista allochira,NA,1,NA,NA
848,Lerista ameles,NA,1,NA,NA
849,Lerista apoda,0,1,NA,NA
850,Lerista axillaris,NA,1,31.2,NA
851,Lerista bipes,NA,NA,NA,NA
852,Lerista borealis,0,1,NA,NA
853,Lerista bougainvillii,NA,1,29.8,1
854,Lerista chordae,0,1,NA,NA
855,Lerista christinae,NA,1,NA,NA
856,Lerista cinerea,NA,1,NA,NA
857,Lerista connivens,NA,1,NA,NA
858,Lerista desertorum,NA,1,NA,NA
859,Lerista distinguenda,NA,1,NA,NA
860,Lerista dorsalis,NA,1,NA,NA
861,Lerista edwardsae,NA,1,NA,NA
862,Lerista elegans,NA,1,NA,NA
863,Lerista elongata,NA,1,NA,NA
864,Lerista emmotti,NA,1,NA,NA
865,Lerista eupoda,NA,1,NA,NA
866,Lerista flammicauda,NA,1,NA,NA
867,Lerista fragilis,NA,1,NA,NA
868,Lerista gascoynensis,NA,1,NA,NA
869,Lerista gerrardii,NA,1,NA,NA
870,Lerista greeri,NA,1,NA,NA
871,Lerista griffini,NA,1,NA,NA
872,Lerista humphriesi,NA,1,NA,NA
873,Lerista ips,0,1,NA,NA
874,Lerista kalumburu,0,1,NA,NA
875,Lerista kennedyensis,NA,1,NA,NA
876,Lerista labialis,NA,NA,NA,NA
877,Lerista lineata,NA,1,NA,NA
878,Lerista lineopunctulata,0,1,NA,1
879,Lerista macropisthopus,NA,1,NA,NA
880,Lerista muelleri,NA,1,NA,NA
881,Lerista neander,NA,1,NA,NA
882,Lerista nichollsi,NA,1,NA,NA
883,Lerista picturata,NA,1,NA,NA
884,Lerista planiventralis,NA,1,NA,NA
885,Lerista praepedita,NA,1,30.4,NA
886,Lerista punctatovittata,NA,1,NA,1
887,Lerista puncticauda,NA,1,NA,NA
888,Lerista simillima,NA,1,NA,NA
889,Lerista stictopleura,NA,1,NA,NA
890,Lerista walkeri,0,1,27.7,NA
891,Lerista wilkinsi,0,1,NA,NA
892,Lerista xanthura,0,1,NA,NA
893,Lerista yuna,NA,1,NA,NA
894,Lerista zietzi,NA,1,NA,NA
895,Lerista zonulata,NA,1,NA,NA
896,Lialis burtonis,0,1,29,1
897,Lialis jicari,NA,1,NA,NA
898,Liburnascincus coensis,NA,NA,NA,NA
899,Liburnascincus mundivensis,NA,NA,NA,NA
900,Liburnascincus scirtetis,NA,NA,35.2,NA
901,Liolaemus archeforus,NA,NA,NA,NA
902,Liolaemus atacamensis,NA,NA,NA,NA
903,Liolaemus audituvelatus,NA,NA,NA,NA
904,Liolaemus austromendocinus,NA,NA,35,NA
905,Liolaemus baguali,0,NA,NA,0
906,Liolaemus bibronii,0,NA,30.9,0
907,Liolaemus boulengeri,NA,NA,31.8,NA
908,Liolaemus buergeri,1,NA,35.2,0
909,Liolaemus capillitas,NA,NA,NA,NA
910,Liolaemus ceii,NA,NA,NA,NA
911,Liolaemus chacoensis,0,NA,33.1,0
912,Liolaemus chehuachekenk,NA,NA,NA,NA
913,Liolaemus chiliensis,1,NA,35,0
914,Liolaemus coeruleus,NA,NA,NA,NA
915,Liolaemus curicensis,NA,NA,NA,NA
916,Liolaemus cuyanus,NA,NA,35,NA
917,Liolaemus cyanogaster,1,NA,32.9,0
918,Liolaemus dicktracyi,NA,NA,35.9,NA
919,Liolaemus elongatus,1,NA,32.4,0
920,Liolaemus fabiani,NA,NA,31.3,NA
921,Liolaemus fitzingerii,NA,NA,32.9,NA
922,Liolaemus fuscus,NA,NA,34.9,NA
923,Liolaemus gracilis,NA,NA,36.9,NA
924,Liolaemus gravenhorstii,NA,NA,NA,NA
925,Liolaemus grosseorum,NA,NA,37.3,NA
926,Liolaemus hatcheri,NA,NA,NA,NA
927,Liolaemus hermannunezi,NA,NA,NA,NA
928,Liolaemus kingii,0,NA,27.9,0
929,Liolaemus kolengh,1,NA,NA,0
930,Liolaemus lavillai,NA,NA,35.4,NA
931,Liolaemus lemniscatus,0,NA,34.9,0
932,Liolaemus lineomaculatus,NA,NA,26.2,NA
933,Liolaemus lutzae,NA,NA,33.1,NA
934,Liolaemus magellanicus,NA,NA,25.2,NA
935,Liolaemus molinai,NA,NA,NA,NA
936,Liolaemus monticola,1,NA,31.6,0
937,Liolaemus morenoi,0,NA,NA,0
938,Liolaemus multicolor,NA,NA,31.6,NA
939,Liolaemus nigromaculatus,NA,NA,33.8,NA
940,Liolaemus nigroviridis,NA,NA,34.9,NA
941,Liolaemus nitidus,NA,NA,NA,NA
942,Liolaemus occipitalis,NA,NA,32.4,NA
943,Liolaemus olongasta,NA,NA,34.4,NA
944,Liolaemus orientalis,NA,NA,35.2,NA
945,Liolaemus ornatus,NA,NA,31.7,NA
946,Liolaemus paulinae,NA,NA,NA,NA
947,Liolaemus pseudoanomalus,NA,NA,33.7,NA
948,Liolaemus pseudolemniscatus,NA,NA,34.3,NA
949,Liolaemus puna,NA,NA,33.3,NA
950,Liolaemus riojanus,NA,NA,NA,NA
951,Liolaemus rothi,1,NA,36.3,0
952,Liolaemus ruibali,NA,NA,28.7,NA
953,Liolaemus sarmientoi,NA,NA,26,NA
954,Liolaemus scapularis,NA,NA,36.2,NA
955,Liolaemus schroederi,1,NA,33.5,0
956,Liolaemus silvanae,NA,NA,NA,NA
957,Liolaemus somuncurae,NA,NA,NA,NA
958,Liolaemus stolzmanni,NA,NA,NA,NA
959,Liolaemus tari,1,NA,NA,0
960,Liolaemus tenuis,1,NA,35.9,0
961,Liolaemus thermarum,NA,NA,NA,NA
962,Liolaemus uspallatensis,NA,NA,35.7,NA
963,Liolaemus walkeri,NA,NA,24,NA
964,Liolaemus wiegmannii,0,NA,33.7,0
965,Liolaemus xanthoviridis,0,NA,33.9,0
966,Liolaemus zapallarensis,NA,NA,NA,NA
967,Liolaemus zullyae,NA,NA,NA,NA
968,Liopholis guthega,NA,NA,NA,NA
969,Liopholis kintorei,NA,NA,25.2,NA
970,Liopholis margaretae,NA,NA,27.7,NA
971,Liopholis modesta,NA,NA,NA,NA
972,Liopholis montana,NA,NA,33.5,NA
973,Liopholis multiscutata,NA,NA,30.4,NA
974,Liopholis striata,NA,NA,NA,1
975,Liopholis whitii,NA,NA,33,0
976,Lioscincus maruia,NA,NA,NA,NA
977,Lioscincus nigrofasciolatum,1,NA,NA,0
978,Lioscincus vivae,NA,NA,NA,NA
979,Lipinia noctua,1,NA,NA,0
980,Lipinia pulchella,NA,NA,NA,NA
981,Lipinia vittigera,1,NA,NA,0
982,Lophognathus gilberti,NA,NA,33.7,NA
983,Lophognathus longirostris,1,NA,35.4,0
984,Lophognathus temporalis,NA,1,30.6,NA
985,Lygisaurus aeratus,NA,NA,31.1,NA
986,Lygisaurus foliorum,0,NA,NA,0
987,Lygisaurus laevis,NA,NA,NA,NA
988,Lygisaurus macfarlani,NA,NA,NA,NA
989,Lygisaurus malleolus,NA,NA,NA,NA
990,Lygisaurus novaeguineae,NA,NA,NA,NA
991,Lygisaurus sesbrauna,NA,NA,NA,NA
992,Lygisaurus tanneri,NA,NA,32.9,NA
993,Lygosoma albopunctata,0,NA,NA,0
994,Lygosoma bowringii,0,NA,NA,0
995,Lygosoma koratense,NA,1,NA,NA
996,Lygosoma punctata,0,1,NA,0
997,Lygosoma quadrupes,0,1,NA,1
998,Lyriocephalus scutatus,1,NA,27.5,0
999,Mabuya dorsivittata,NA,NA,31.7,NA
1000,Mabuya frenata,NA,NA,34.6,0
1001,Mabuya heathi,NA,NA,33.3,NA
1002,Mabuya mabouya,0,1,34.2,0
1003,Mabuya nigropunctata,NA,NA,33,NA
1004,Madascincus igneocaudatus,NA,1,NA,NA
1005,Madascincus melanopleura,NA,1,NA,0
1006,Madascincus mouroundavae,NA,1,NA,NA
1007,Madascincus nanus,NA,1,NA,NA
1008,Madascincus polleni,NA,1,NA,NA
1009,Madascincus stumpffi,NA,1,NA,0
1010,Manciola guaporicola,NA,NA,NA,NA
1011,Mantheyus phuwuanensis,NA,NA,NA,NA
1012,Marisora falconensis,NA,NA,NA,NA
1013,Marisora unimarginata,NA,NA,NA,0
1014,Marmorosphax montana,NA,NA,NA,NA
1015,Marmorosphax tricolor,0,NA,NA,1
1016,Matobosaurus validus,0,NA,NA,1
1017,Melanoseps loveridgei,NA,NA,NA,NA
1018,Menetia greyii,0,NA,NA,0
1019,Menetia timlowi,NA,NA,30.2,NA
1020,Meroles anchietae,0,NA,31.1,0
1021,Meroles ctenodactylus,0,NA,NA,0
1022,Meroles cuneirostris,0,NA,33.6,0
1023,Meroles knoxii,0,NA,NA,0
1024,Meroles micropholidotus,NA,NA,NA,NA
1025,Meroles reticulatus,0,NA,NA,NA
1026,Meroles squamulosa,0,NA,NA,0
1027,Meroles suborbitalis,0,NA,36.8,0
1028,Mesalina adramitana,0,NA,37.7,0
1029,Mesalina bahaeldini,NA,NA,NA,NA
1030,Mesalina balfouri,NA,NA,NA,NA
1031,Mesalina brevirostris,0,NA,35.5,0
1032,Mesalina guttulata,0,NA,31.3,0
1033,Mesalina olivieri,0,NA,NA,0
1034,Mesalina rubropunctata,0,NA,NA,0
1035,Mesalina simoni,NA,NA,NA,NA
1036,Mesaspis moreletii,0,NA,NA,0
1037,Mesoscincus managuae,NA,NA,NA,NA
1038,Mesoscincus schwartzei,NA,NA,NA,NA
1039,Micrablepharus atticolus,NA,NA,34.6,NA
1040,Micrablepharus maximiliani,NA,NA,29.1,NA
1041,Microlophus albemarlensis,0,NA,33.1,0
1042,Microlophus atacamensis,NA,NA,28.8,NA
1043,Microlophus bivittatus,NA,NA,NA,NA
1044,Microlophus delanonis,1,NA,NA,0
1045,Microlophus grayii,NA,NA,NA,NA
1046,Microlophus habelii,NA,NA,NA,NA
1047,Microlophus heterolepis,NA,NA,32.4,NA
1048,Microlophus koepckeorum,NA,NA,NA,NA
1049,Microlophus occipitalis,1,NA,NA,0
1050,Microlophus peruvianus,NA,NA,36.3,NA
1051,Microlophus quadrivittatus,NA,NA,35,NA
1052,Microlophus stolzmanni,1,NA,NA,0
1053,Microlophus theresioides,NA,NA,34.7,NA
1054,Microlophus thoracicus,0,NA,NA,0
1055,Microlophus tigris,NA,NA,NA,NA
1056,Mochlus afer,NA,NA,NA,NA
1057,Mochlus sundevalli,0,NA,NA,1
1058,Moloch horridus,0,NA,32.9,0
1059,Monopeltis capensis,0,NA,NA,NA
1060,Morethia adelaidensis,0,NA,NA,0
1061,Morethia ruficauda,NA,NA,NA,NA
1062,Namazonurus campbelli,NA,NA,NA,NA
1063,Namazonurus peersi,1,NA,NA,0
1064,Namazonurus pustulatus,NA,NA,NA,NA
1065,Nangura spinosa,NA,NA,32.2,NA
1066,Nannoscincus garrulus,NA,1,NA,NA
1067,Nannoscincus greeri,NA,1,NA,NA
1068,Nannoscincus hanchisteus,NA,1,NA,NA
1069,Nannoscincus mariei,NA,1,NA,NA
1070,Nannoscincus slevini,NA,1,NA,NA
1071,Neusticurus bicarinatus,0,NA,NA,0
1072,Neusticurus rudis,0,NA,NA,0
1073,Ninurta coeruleopunctatus,1,NA,NA,0
1074,Niveoscincus greeni,NA,1,27.4,NA
1075,Niveoscincus metallicus,NA,1,NA,NA
1076,Niveoscincus ocellatus,1,1,28.2,0
1077,Niveoscincus pretiosus,NA,1,NA,NA
1078,Notomabuya frenata,NA,NA,NA,0
1079,Notoscincus ornatus,NA,NA,NA,NA
1080,Nucras lalandii,0,NA,NA,NA
1081,Nucras tessellata,0,NA,39.6,0
1082,Oligosoma aeneum,NA,1,NA,NA
1083,Oligosoma alani,NA,1,NA,NA
1084,Oligosoma chloronoton,NA,1,NA,NA
1085,Oligosoma fallai,0,1,NA,1
1086,Oligosoma grande,1,1,23.6,0
1087,Oligosoma hardyi,NA,1,NA,NA
1088,Oligosoma homalonotum,NA,1,NA,NA
1089,Oligosoma inconspicuum,0,1,NA,0
1090,Oligosoma infrapunctatum,NA,1,NA,NA
1091,Oligosoma levidensum,NA,1,NA,NA
1092,Oligosoma lichenigera,NA,1,25.9,1
1093,Oligosoma lineoocellatum,NA,1,NA,NA
1094,Oligosoma maccanni,0,1,28.9,0
1095,Oligosoma macgregori,NA,1,NA,1
1096,Oligosoma microlepis,NA,1,NA,NA
1097,Oligosoma moco,NA,1,NA,NA
1098,Oligosoma nigriplantare,0,1,NA,0
1099,Oligosoma notosaurus,NA,1,NA,NA
1100,Oligosoma oliveri,NA,1,NA,1
1101,Oligosoma ornatum,NA,1,NA,1
1102,Oligosoma otagense,1,1,25.9,0
1103,Oligosoma pikitanga,NA,1,NA,NA
1104,Oligosoma smithi,1,1,NA,0
1105,Oligosoma striatum,NA,1,NA,NA
1106,Oligosoma suteri,1,1,15,1
1107,Oligosoma taumakae,NA,1,NA,NA
1108,Oligosoma townsi,NA,1,NA,NA
1109,Oligosoma waimatense,NA,1,NA,NA
1110,Oligosoma whitakeri,NA,1,NA,NA
1111,Omanosaura cyanura,NA,NA,NA,NA
1112,Omanosaura jayakari,1,NA,NA,0
1113,Ophidiocephalus taeniatus,NA,1,NA,NA
1114,Ophiodes striatus,0,NA,NA,0
1115,Ophiomorus latastii,NA,NA,20.9,NA
1116,Ophiomorus punctatissimus,NA,NA,29.8,NA
1117,Ophioscincus ophioscincus,NA,NA,NA,NA
1118,Ophioscincus truncatus,0,0,NA,NA
1119,Ophisaurus attenuatus,NA,0,31.3,NA
1120,Ophisaurus ventralis,0,0,23,0
1121,Ophisops elegans,0,NA,31.3,0
1122,Ophisops occidentalis,NA,NA,NA,NA
1123,Oplurus cuvieri,1,NA,36.2,0
1124,Oplurus cyclurus,NA,NA,NA,NA
1125,Oplurus fierinensis,NA,NA,NA,NA
1126,Oplurus grandidieri,NA,NA,NA,NA
1127,Oplurus quadrimaculatus,1,NA,NA,0
1128,Oplurus saxicola,NA,NA,NA,NA
1129,Otocryptis wiegmanni,1,1,26.1,0
1130,Otosaurus cumingi,NA,NA,NA,NA
1131,Ouroborus cataphractus,NA,NA,29.6,0
1132,Pamelaescincus gardineri,0,NA,NA,1
1133,Panaspis breviceps,NA,NA,NA,NA
1134,Panaspis togoensis,NA,NA,NA,NA
1135,Panopa croizati,NA,NA,NA,NA
1136,Paracontias rothschildi,NA,NA,NA,NA
1137,Paradelma orientalis,NA,1,NA,NA
1138,Paralaudakia caucasia,NA,NA,NA,NA
1139,Paralaudakia erythrogaster,NA,NA,NA,NA
1140,Paralaudakia himalayana,NA,NA,NA,NA
1141,Paralaudakia lehmanni,NA,NA,NA,NA
1142,Paralaudakia microlepis,NA,NA,NA,NA
1143,Parvilacerta fraasii,NA,1,NA,NA
1144,Parvilacerta parva,NA,1,NA,NA
1145,Parvoscincus decipiens,NA,NA,NA,NA
1146,Parvoscincus leucospilos,NA,NA,NA,NA
1147,Pedioplanis breviceps,0,NA,NA,1
1148,Pedioplanis burchelli,NA,NA,NA,NA
1149,Pedioplanis gaerdesi,NA,NA,NA,NA
1150,Pedioplanis husabensis,NA,NA,NA,NA
1151,Pedioplanis inornata,NA,NA,NA,NA
1152,Pedioplanis laticeps,NA,NA,NA,NA
1153,Pedioplanis lineoocellata,0,NA,37.5,0
1154,Pedioplanis namaquensis,0,NA,38,0
1155,Pedioplanis rubens,NA,NA,NA,NA
1156,Pedioplanis undata,NA,NA,NA,NA
1157,Petracola ventrimaculatus,NA,NA,NA,NA
1158,Petrosaurus mearnsi,1,NA,36,0
1159,Petrosaurus repens,NA,NA,NA,NA
1160,Petrosaurus thalassinus,NA,NA,36,NA
1161,Philochortus spinalis,NA,NA,NA,NA
1162,Phoboscincus garnieri,NA,NA,NA,NA
1163,Phoenicolacerta cyanisparsa,NA,1,NA,NA
1164,Phoenicolacerta kulzeri,NA,1,NA,0
1165,Phoenicolacerta laevis,NA,1,30.4,0
1166,Pholidobolus macbrydei,NA,NA,NA,NA
1167,Pholidobolus montium,NA,NA,NA,NA
1168,Phoxophrys nigrilabris,NA,NA,NA,NA
1169,Phrynocephalus axillaris,NA,NA,NA,NA
1170,Phrynocephalus guttatus,NA,NA,NA,NA
1171,Phrynocephalus helioscopus,NA,NA,37.1,NA
1172,Phrynocephalus mystaceus,0,NA,32.3,0
1173,Phrynocephalus przewalskii,NA,NA,33.5,NA
1174,Phrynocephalus scutellatus,NA,NA,NA,NA
1175,Phrynocephalus versicolor,0,NA,NA,0
1176,Phrynocephalus vlangalii,NA,NA,NA,NA
1177,Phrynosoma asio,NA,0,32.4,NA
1178,Phrynosoma braconnieri,NA,0,NA,NA
1179,Phrynosoma cerroense,NA,0,NA,NA
1180,Phrynosoma coronatum,0,0,35.5,0
1181,Phrynosoma ditmarsi,NA,0,NA,NA
1182,Phrynosoma douglassii,0,0,33.8,0
1183,Phrynosoma hernandesi,NA,0,33,NA
1184,Phrynosoma mcallii,0,0,37.4,0
1185,Phrynosoma modestum,0,0,28.7,0
1186,Phrynosoma orbiculare,0,0,37.9,0
1187,Phrynosoma platyrhinos,0,0,35.5,0
1188,Phrynosoma solare,0,0,34.7,0
1189,Phrynosoma taurus,NA,0,NA,NA
1190,Phrynosoma wigginsi,NA,0,NA,NA
1191,Phymaturus indistinctus,NA,NA,32.9,NA
1192,Phymaturus palluma,1,NA,33.3,0
1193,Phymaturus patagonicus,1,NA,32,0
1194,Phymaturus vociferator,NA,NA,22.5,NA
1195,Physignathus cocincinus,0,1,28.4,0
1196,Pinoyscincus jagori,NA,NA,23.1,NA
1197,Placosoma cordylinum,NA,NA,NA,NA
1198,Placosoma glabellum,NA,NA,NA,NA
1199,Platysaurus broadleyi,1,NA,NA,0
1200,Platysaurus capensis,1,NA,NA,NA
1201,Platysaurus intermedius,0,NA,28.8,NA
1202,Platysaurus minor,NA,NA,NA,NA
1203,Platysaurus monotropis,NA,NA,NA,NA
1204,Platysaurus pungweensis,NA,NA,NA,NA
1205,Plestiodon anthracinus,0,1,30,0
1206,Plestiodon barbouri,0,1,NA,0
1207,Plestiodon brevirostris,NA,1,NA,NA
1208,Plestiodon callicephalus,NA,1,NA,NA
1209,Plestiodon chinensis,NA,1,NA,NA
1210,Plestiodon copei,NA,1,28.7,0
1211,Plestiodon dugesii,NA,1,NA,NA
1212,Plestiodon egregius,NA,1,30.4,0
1213,Plestiodon elegans,0,1,31,0
1214,Plestiodon fasciatus,0,1,32.3,0
1215,Plestiodon gilberti,NA,1,29.2,0
1216,Plestiodon inexpectatus,1,1,33.2,0
1217,Plestiodon japonicus,NA,1,NA,NA
1218,Plestiodon kishinouyei,NA,1,NA,NA
1219,Plestiodon lagunensis,NA,1,NA,NA
1220,Plestiodon laticeps,1,1,31.5,0
1221,Plestiodon latiscutatus,NA,1,29.8,0
1222,Plestiodon longirostris,NA,1,NA,NA
1223,Plestiodon lynxe,NA,1,NA,0
1224,Plestiodon marginatus,NA,1,NA,NA
1225,Plestiodon multivirgatus,0,1,NA,0
1226,Plestiodon obsoletus,0,1,33,0
1227,Plestiodon parviauriculatus,NA,1,NA,NA
1228,Plestiodon quadrilineatus,0,1,NA,0
1229,Plestiodon reynoldsi,0,1,NA,0
1230,Plestiodon septentrionalis,0,1,29.2,1
1231,Plestiodon skiltonianus,0,1,27.6,0
1232,Plestiodon stimpsonii,NA,1,NA,NA
1233,Plestiodon sumichrasti,0,1,NA,0
1234,Plestiodon tamdaoensis,0,1,NA,0
1235,Plestiodon tetragrammus,NA,1,28,0
1236,Pletholax gracilis,NA,0,28.7,NA
1237,Plica plica,1,NA,30.7,0
1238,Plica umbra,1,NA,NA,0
1239,Podarcis bocagei,NA,1,32.3,0
1240,Podarcis carbonelli,NA,1,33.3,0
1241,Podarcis erhardii,1,1,32.9,0
1242,Podarcis filfolensis,1,1,32.8,0
1243,Podarcis gaigeae,NA,1,33.3,0
1244,Podarcis hispanicus,1,1,31.9,0
1245,Podarcis liolepis,NA,1,34.2,0
1246,Podarcis melisellensis,0,1,32.5,0
1247,Podarcis milensis,NA,1,33,0
1248,Podarcis muralis,1,1,32.2,0
1249,Podarcis peloponnesiacus,1,1,33,0
1250,Podarcis pityusensis,NA,1,34.2,0
1251,Podarcis raffoneae,NA,1,NA,NA
1252,Podarcis siculus,1,1,34.5,0
1253,Podarcis tauricus,0,1,32.8,0
1254,Podarcis tiliguerta,NA,1,32.5,NA
1255,Podarcis vaucheri,1,1,30.6,0
1256,Pogona barbata,1,NA,31.6,0
1257,Pogona henrylawsoni,NA,NA,NA,NA
1258,Polychrus marmoratus,1,NA,NA,0
1259,Poromera fordii,NA,NA,NA,NA
1260,Potamites ecpleopus,0,NA,27.2,0
1261,Potamites juruazensis,NA,NA,26.3,NA
1262,Pristidactylus scapulatus,NA,NA,27,NA
1263,Pristidactylus torquatus,NA,NA,25.9,NA
1264,Proablepharus reginae,NA,NA,NA,NA
1265,Procellosaurinus erythrocercus,NA,NA,NA,NA
1266,Procellosaurinus tetradactylus,NA,NA,NA,NA
1267,Proctoporus bolivianus,NA,NA,NA,NA
1268,Proctoporus sucullucu,NA,NA,22.6,NA
1269,Psammodromus algirus,1,NA,32.8,0
1270,Psammodromus blanci,1,NA,NA,1
1271,Psammodromus hispanicus,0,NA,31.4,0
1272,Pseudemoia entrecasteauxii,0,NA,31.9,0
1273,Pseudemoia pagenstecheri,NA,NA,NA,NA
1274,Pseuderemias smithii,NA,NA,NA,NA
1275,Pseudoacontias menamainty,NA,NA,NA,NA
1276,Pseudocalotes flavigula,NA,NA,NA,NA
1277,Pseudocordylus langi,NA,1,NA,0
1278,Pseudocordylus melanotus,NA,1,27.6,0
1279,Pseudocordylus microlepidotus,NA,1,NA,0
1280,Pseudocordylus spinosus,NA,1,NA,0
1281,Pseudopus apodus,0,NA,25.5,0
1282,Pseudotrapelus sinaitus,1,NA,39,0
1283,Psilophthalmus paeminosus,NA,NA,NA,NA
1284,Ptyctolaemus gularis,1,NA,NA,1
1285,Pygomeles braconnieri,NA,NA,NA,1
1286,Pygopus lepidopodus,0,1,NA,1
1287,Pygopus nigriceps,0,1,24.8,1
1288,Rankinia diemensis,NA,NA,NA,NA
1289,Rhineura floridana,0,0,NA,NA
1290,Riama simotera,NA,NA,NA,NA
1291,Riama unicolor,NA,NA,NA,NA
1292,Saara asmussi,NA,NA,NA,NA
1293,Saara hardwickii,NA,NA,NA,NA
1294,Saara loricata,NA,NA,NA,NA
1295,Saiphos equalis,NA,NA,18,NA
1296,Salea horsfieldii,1,0,NA,0
1297,Salvator duseni,NA,NA,NA,NA
1298,Salvator merianae,NA,NA,NA,0
1299,Salvator rufescens,NA,NA,NA,NA
1300,Saproscincus basiliscus,NA,1,NA,NA
1301,Saproscincus challengeri,0,1,NA,0
1302,Saproscincus czechurai,NA,1,NA,NA
1303,Saproscincus hannahae,NA,1,NA,NA
1304,Saproscincus mustelinus,0,1,NA,0
1305,Saproscincus rosei,NA,1,NA,NA
1306,Saproscincus spectabilis,NA,1,NA,NA
1307,Saproscincus tetradactylus,NA,1,NA,NA
1308,Sauromalus ater,NA,0,37.1,NA
1309,Sauromalus hispidus,1,0,NA,0
1310,Sauromalus klauberi,NA,0,NA,NA
1311,Sauromalus varius,1,0,36,0
1312,Scelarcis perspicillata,NA,NA,NA,0
1313,Sceloporus angustus,NA,NA,NA,NA
1314,Sceloporus arenicolus,0,NA,33.4,0
1315,Sceloporus bulleri,NA,NA,NA,NA
1316,Sceloporus cautus,NA,NA,NA,NA
1317,Sceloporus chaneyi,NA,NA,NA,NA
1318,Sceloporus chrysostictus,0,NA,NA,0
1319,Sceloporus couchii,NA,NA,NA,NA
1320,Sceloporus cozumelae,0,NA,NA,0
1321,Sceloporus cyanogenys,NA,NA,NA,NA
1322,Sceloporus dugesii,NA,NA,NA,NA
1323,Sceloporus formosus,NA,NA,NA,NA
1324,Sceloporus grammicus,1,NA,32.4,0
1325,Sceloporus hunsakeri,NA,NA,NA,NA
1326,Sceloporus jarrovii,1,NA,32.4,0
1327,Sceloporus licki,NA,NA,NA,NA
1328,Sceloporus lineatulus,NA,NA,NA,NA
1329,Sceloporus lundelli,1,NA,NA,0
1330,Sceloporus maculosus,NA,NA,NA,NA
1331,Sceloporus magister,1,NA,34.8,0
1332,Sceloporus malachiticus,1,NA,31,0
1333,Sceloporus megalepidurus,NA,NA,NA,NA
1334,Sceloporus melanorhinus,NA,NA,NA,NA
1335,Sceloporus minor,NA,NA,NA,NA
1336,Sceloporus mucronatus,NA,NA,30.3,NA
1337,Sceloporus olivaceus,1,NA,33.8,0
1338,Sceloporus orcutti,1,NA,31.4,0
1339,Sceloporus parvus,NA,NA,NA,NA
1340,Sceloporus poinsettii,1,NA,32.1,0
1341,Sceloporus scalaris,NA,NA,33.5,NA
1342,Sceloporus serrifer,NA,NA,31,NA
1343,Sceloporus slevini,0,NA,32.6,0
1344,Sceloporus smaragdinus,NA,NA,NA,NA
1345,Sceloporus smithi,NA,NA,NA,NA
1346,Sceloporus spinosus,NA,NA,33.5,NA
1347,Sceloporus taeniocnemis,NA,NA,NA,NA
1348,Sceloporus teapensis,1,NA,NA,0
1349,Sceloporus torquatus,1,NA,33,0
1350,Sceloporus undulatus,1,NA,32.5,0
1351,Sceloporus utiformis,NA,NA,NA,NA
1352,Sceloporus variabilis,1,NA,32.9,0
1353,Sceloporus virgatus,0,NA,34,0
1354,Sceloporus woodi,0,NA,36.2,0
1355,Sceloporus zosteromus,1,NA,NA,0
1356,Scelotes anguineus,NA,NA,NA,NA
1357,Scelotes bipes,NA,NA,NA,NA
1358,Scelotes caffer,NA,NA,NA,NA
1359,Scelotes gronovii,0,NA,23,NA
1360,Scelotes kasneri,NA,NA,NA,NA
1361,Scelotes mirus,NA,NA,NA,NA
1362,Scelotes montispectus,NA,NA,NA,NA
1363,Scelotes sexlineatus,NA,NA,NA,NA
1364,Scincella assatus,NA,NA,NA,NA
1365,Scincella cherriei,NA,NA,26,NA
1366,Scincella lateralis,0,NA,28.9,0
1367,Scincella reevesii,0,NA,NA,0
1368,Scincopus fasciatus,NA,NA,NA,NA
1369,Scincus mitranus,0,NA,35.7,0
1370,Scincus scincus,0,NA,NA,1
1371,Sepsina angolensis,0,NA,NA,NA
1372,Shinisaurus crocodilurus,0,NA,NA,0
1373,Sigaloseps deplanchei,0,NA,NA,0
1374,Silvascincus murrayi,NA,NA,NA,NA
1375,Silvascincus tryoni,NA,NA,NA,NA
1376,Sitana ponticeriana,0,1,34.4,0
1377,Smaug giganteus,1,NA,NA,NA
1378,Smaug mossambicus,NA,NA,NA,NA
1379,Smaug warreni,1,NA,NA,NA
1380,Sphenodon punctatus,NA,NA,NA,1
1381,Sphenomorphus cyanolaemus,1,1,NA,0
1382,Sphenomorphus indicus,0,1,NA,0
1383,Sphenomorphus jobiensis,NA,1,NA,NA
1384,Sphenomorphus maculatus,0,1,NA,0
1385,Sphenomorphus maindroni,NA,1,NA,NA
1386,Sphenomorphus melanopogon,NA,1,NA,NA
1387,Sphenomorphus muelleri,NA,1,NA,NA
1388,Sphenomorphus multisquamatus,NA,1,NA,NA
1389,Sphenomorphus praesignis,NA,1,NA,NA
1390,Sphenomorphus sabanus,NA,1,25.8,NA
1391,Sphenomorphus scutatus,NA,1,NA,NA
1392,Sphenomorphus simus,NA,1,NA,NA
1393,Sphenomorphus solomonis,0,1,NA,1
1394,Sphenomorphus stellatus,0,1,NA,NA
1395,Sphenomorphus variegatus,0,1,NA,NA
1396,Stellagama stellio,NA,NA,NA,NA
1397,Stenocercus angulifer,NA,NA,NA,NA
1398,Stenocercus azureus,NA,NA,NA,NA
1399,Stenocercus caducus,NA,NA,NA,NA
1400,Stenocercus crassicaudatus,NA,NA,NA,NA
1401,Stenocercus empetrus,NA,NA,NA,NA
1402,Stenocercus eunetopsis,NA,NA,NA,NA
1403,Stenocercus festae,NA,NA,NA,NA
1404,Stenocercus formosus,NA,NA,NA,NA
1405,Stenocercus imitator,NA,NA,NA,NA
1406,Stenocercus ochoai,NA,NA,NA,NA
1407,Stenocercus ornatissimus,NA,NA,NA,NA
1408,Stenocercus percultus,NA,NA,NA,NA
1409,Stenocercus torquatus,NA,NA,NA,NA
1410,Strobilurus torquatus,NA,NA,NA,NA
1411,Takydromus amurensis,0,1,NA,0
1412,Takydromus dorsalis,NA,1,NA,NA
1413,Takydromus formosanus,NA,1,NA,NA
1414,Takydromus hsuehshanensis,NA,1,NA,NA
1415,Takydromus intermedius,NA,1,NA,NA
1416,Takydromus kuehnei,1,1,NA,0
1417,Takydromus sauteri,1,1,NA,0
1418,Takydromus septentrionalis,NA,1,30.4,NA
1419,Takydromus sexlineatus,1,1,31.5,0
1420,Takydromus smaragdinus,NA,1,NA,NA
1421,Takydromus stejnegeri,NA,1,NA,NA
1422,Takydromus sylvaticus,NA,1,NA,NA
1423,Takydromus tachydromoides,0,1,NA,0
1424,Takydromus toyamai,NA,1,NA,NA
1425,Takydromus wolteri,1,1,NA,0
1426,Teira dugesii,NA,NA,33.8,NA
1427,Teius teyou,NA,1,NA,NA
1428,Tetradactylus africanus,0,NA,NA,0
1429,Tetradactylus seps,NA,NA,NA,NA
1430,Tetradactylus tetradactylus,NA,NA,NA,NA
1431,Tiliqua adelaidensis,0,0,NA,0
1432,Tiliqua gigas,NA,0,NA,NA
1433,Tiliqua nigrolutea,0,0,34.8,0
1434,Tiliqua occipitalis,0,0,33.2,0
1435,Tiliqua rugosa,0,0,33.6,0
1436,Tiliqua scincoides,0,0,33.2,0
1437,Timon lepidus,1,1,30.4,0
1438,Timon pater,0,1,NA,0
1439,Timon princeps,NA,1,NA,NA
1440,Timon tangitanus,NA,1,NA,NA
1441,Tracheloptychus madagascariensis,NA,NA,NA,0
1442,Tracheloptychus petersi,NA,NA,NA,NA
1443,Trachylepis acutilabris,NA,1,NA,NA
1444,Trachylepis affinis,1,1,NA,0
1445,Trachylepis atlantica,NA,1,32.2,0
1446,Trachylepis aurata,1,1,NA,0
1447,Trachylepis aureopunctata,NA,1,NA,NA
1448,Trachylepis boettgeri,NA,1,NA,NA
1449,Trachylepis brevicollis,1,1,34.1,1
1450,Trachylepis capensis,0,1,32.5,0
1451,Trachylepis dumasi,NA,1,NA,NA
1452,Trachylepis elegans,NA,1,NA,NA
1453,Trachylepis gravenhorstii,NA,1,NA,NA
1454,Trachylepis hoeschi,NA,1,NA,NA
1455,Trachylepis homalocephala,1,1,NA,0
1456,Trachylepis maculilabris,1,1,36.5,0
1457,Trachylepis madagascariensis,NA,1,NA,NA
1458,Trachylepis margaritifera,1,1,NA,0
1459,Trachylepis occidentalis,0,1,36.1,0
1460,Trachylepis perrotetii,NA,NA,NA,NA
1461,Trachylepis quinquetaeniata,1,1,35.3,0
1462,Trachylepis sechellensis,NA,1,34.7,NA
1463,Trachylepis socotrana,NA,1,NA,NA
1464,Trachylepis spilogaster,1,1,34.2,0
1465,Trachylepis striata,1,1,36.5,0
1466,Trachylepis sulcata,1,1,NA,0
1467,Trachylepis varia,0,1,28.1,0
1468,Trachylepis variegata,0,1,34.1,0
1469,Trachylepis vato,NA,1,NA,NA
1470,Trachylepis vittata,1,1,34,0
1471,Trachylepis wrightii,NA,1,NA,0
1472,Trapelus agilis,0,NA,38,0
1473,Trapelus flavimaculatus,0,NA,NA,0
1474,Trapelus mutabilis,0,NA,35.8,0
1475,Trapelus ruderatus,1,NA,37.9,0
1476,Trapelus sanguinolentus,0,NA,35.4,0
1477,Trapelus savignii,NA,NA,36,NA
1478,Tretioscincus agilis,0,NA,28.2,0
1479,Tribolonotus novaeguineae,NA,NA,NA,NA
1480,Tribolonotus ponceleti,0,NA,NA,1
1481,Tribolonotus schmidti,NA,NA,NA,NA
1482,Trogonophis wiegmanni,0,0,22,NA
1483,Tropidophorus baconi,NA,NA,NA,NA
1484,Tropidophorus baviensis,NA,NA,NA,NA
1485,Tropidophorus beccarii,0,NA,NA,0
1486,Tropidophorus berdmorei,NA,NA,NA,NA
1487,Tropidophorus brookei,NA,NA,NA,NA
1488,Tropidophorus cocincinensis,0,NA,NA,NA
1489,Tropidophorus grayi,NA,NA,NA,NA
1490,Tropidophorus microlepis,0,NA,NA,NA
1491,Tropidophorus sinicus,0,NA,NA,1
1492,Tropidophorus thai,NA,NA,NA,NA
1493,Tropidosaura gularis,1,NA,NA,0
1494,Tropidurus hispidus,1,NA,34.1,0
1495,Tropidurus hygomi,NA,NA,35.4,NA
1496,Tropidurus itambere,1,NA,32.5,0
1497,Tropidurus montanus,NA,NA,33.2,NA
1498,Tropidurus mucujensis,NA,NA,NA,NA
1499,Tropidurus oreadicus,1,NA,35.1,0
1500,Tropidurus spinulosus,NA,NA,32.3,NA
1501,Tropidurus torquatus,1,NA,33.5,0
1502,Tupinambis longilineus,NA,NA,NA,NA
1503,Tupinambis quadrilineatus,NA,NA,37.2,NA
1504,Tupinambis teguixin,0,NA,34.1,0
1505,Tympanocryptis cephalus,NA,NA,NA,NA
1506,Tympanocryptis intima,NA,NA,NA,NA
1507,Tympanocryptis lineata,NA,NA,36.4,NA
1508,Tympanocryptis pinguicolla,NA,NA,38,NA
1509,Typhlacontias brevipes,0,NA,NA,1
1510,Typhlosaurus caecus,0,NA,NA,NA
1511,Typhlosaurus lomiae,NA,NA,NA,NA
1512,Typhlosaurus meyeri,NA,NA,NA,NA
1513,Typhlosaurus vermis,NA,NA,NA,NA
1514,Uma exsul,NA,NA,36.9,NA
1515,Uma inornata,0,NA,NA,0
1516,Uma notata,0,NA,38.5,0
1517,Uma paraphygas,NA,NA,35.5,NA
1518,Uma scoparia,0,NA,36.7,0
1519,Uracentron flaviceps,1,NA,31.2,0
1520,Uranoscodon superciliosus,1,NA,27.9,0
1521,Uromastyx acanthinura,0,NA,38,0
1522,Uromastyx aegyptia,0,NA,38,0
1523,Uromastyx benti,NA,NA,NA,NA
1524,Uromastyx dispar,NA,NA,NA,NA
1525,Uromastyx geyri,NA,NA,NA,NA
1526,Uromastyx macfadyeni,NA,NA,NA,NA
1527,Uromastyx ocellata,NA,NA,NA,NA
1528,Uromastyx ornata,NA,NA,NA,NA
1529,Uromastyx princeps,NA,NA,NA,NA
1530,Uromastyx thomasi,NA,NA,NA,NA
1531,Uromastyx yemenensis,NA,NA,29,NA
1532,Urosaurus auriculatus,NA,NA,36.3,NA
1533,Urosaurus gadovi,NA,NA,NA,NA
1534,Urosaurus graciosus,1,NA,36.6,0
1535,Urosaurus lahtelai,NA,NA,NA,NA
1536,Urosaurus nigricaudus,1,NA,34.9,0
1537,Urosaurus ornatus,1,NA,35.8,0
1538,Urostrophus vautieri,NA,NA,NA,NA
1539,Uta palmeri,1,NA,34.5,0
1540,Uta squamata,1,NA,NA,0
1541,Uta stansburiana,1,NA,36,0
1542,Vanzosaura rubricauda,0,NA,NA,0
1543,Varanus acanthurus,1,0,NA,0
1544,Varanus albigularis,1,0,32.3,0
1545,Varanus baritji,1,0,NA,1
1546,Varanus beccarii,NA,0,NA,NA
1547,Varanus bengalensis,0,0,34,0
1548,Varanus boehmei,NA,0,NA,NA
1549,Varanus brevicauda,0,0,NA,0
1550,Varanus bushi,NA,0,37.9,NA
1551,Varanus caerulivirens,NA,0,NA,NA
1552,Varanus caudolineatus,1,0,37.6,0
1553,Varanus cerambonensis,NA,0,NA,NA
1554,Varanus doreanus,NA,0,NA,NA
1555,Varanus dumerilii,0,0,NA,0
1556,Varanus eremius,0,0,NA,0
1557,Varanus exanthematicus,1,0,34,0
1558,Varanus finschi,NA,0,NA,NA
1559,Varanus flavescens,0,0,NA,0
1560,Varanus giganteus,0,0,37.2,0
1561,Varanus gilleni,1,0,37.4,0
1562,Varanus glauerti,1,0,NA,0
1563,Varanus glebopalma,1,0,NA,0
1564,Varanus gouldii,0,0,31.5,0
1565,Varanus griseus,0,0,37.3,0
1566,Varanus indicus,0,0,30,0
1567,Varanus jobiensis,1,0,NA,0
1568,Varanus keithhornei,1,0,NA,0
1569,Varanus kingorum,NA,0,NA,NA
1570,Varanus komodoensis,0,0,35.3,0
1571,Varanus macraei,NA,0,NA,NA
1572,Varanus marmoratus,NA,0,NA,NA
1573,Varanus melinus,1,0,NA,0
1574,Varanus mertensi,0,0,33.4,0
1575,Varanus mitchelli,0,0,NA,0
1576,Varanus olivaceus,1,0,31.6,0
1577,Varanus panoptes,0,0,34.7,0
1578,Varanus pilbarensis,NA,0,NA,NA
1579,Varanus prasinus,1,0,NA,0
1580,Varanus primordius,1,0,NA,0
1581,Varanus rainerguentheri,NA,0,NA,NA
1582,Varanus rosenbergi,0,0,26.9,0
1583,Varanus rudicollis,NA,0,NA,NA
1584,Varanus salvadorii,NA,0,NA,NA
1585,Varanus salvator,0,0,29.5,0
1586,Varanus scalaris,1,0,35.2,0
1587,Varanus semiremex,NA,0,NA,NA
1588,Varanus spenceri,0,0,NA,0
1589,Varanus storri,1,0,NA,1
1590,Varanus timorensis,1,0,NA,0
1591,Varanus tristis,1,0,34.2,0
1592,Varanus varius,1,0,34.9,0
1593,Varanus yemenensis,0,0,NA,0
1594,Varanus yuwonoi,NA,0,NA,NA
1595,Varzea altamazonica,NA,NA,NA,NA
1596,Varzea bistriata,NA,NA,NA,0
1597,Voeltzkowia fierinensis,NA,NA,NA,1
1598,Xantusia arizonae,NA,1,25.3,1
1599,Xantusia bezyi,NA,1,NA,NA
1600,Xantusia bolsonae,NA,1,NA,NA
1601,Xantusia gracilis,NA,1,NA,NA
1602,Xantusia henshawi,1,1,20.5,1
1603,Xantusia riversiana,0,1,23.5,1
1604,Xantusia sanchezi,NA,1,NA,NA
1605,Xantusia vigilis,0,1,29.1,0
1606,Xantusia wigginsi,NA,NA,NA,NA
1607,Xenagama taylori,NA,NA,NA,NA
1608,Xenosaurus grandis,1,0,24.2,0
1609,Xenosaurus platyceps,1,0,21.9,0
1610,Zonosaurus aeneus,NA,NA,NA,NA
1611,Zonosaurus bemaraha,NA,NA,NA,NA
1612,Zonosaurus boettgeri,NA,NA,,NA
1613,Zonosaurus brygooi,NA,NA,NA,NA
1614,Zonosaurus haraldmeieri,0,NA,NA,0
1615,Zonosaurus karsteni,0,NA,NA,0
1616,Zonosaurus laticaudatus,0,NA,NA,0
1617,Zonosaurus madagascariensis,0,NA,NA,0
1618,Zonosaurus ornatus,NA,NA,NA,NA
1619,Zonosaurus quadrilineatus,NA,NA,NA,NA
1620,Zonosaurus trilineatus,NA,NA,NA,NA
1621,Zonosaurus tsingy,NA,NA,NA,NA
1622,Zootoca vivipara,NA,NA,30.5,0